gene therapy,gene therapy,,,,
cell atlas,cell atlas,,,,
immune engineering,Immunoengineering,immune engineering,,,
DNA app store,DNA app store,,,,
liquid biopsy,liquid biopsy,fluid biopsy,fluid phase biopsy,,
internet of dna,internet of dna,dna database,dna network,,
Brain mapping,Brain mapping,brain atlas,,,
Neuromorphic chips,Neuromorphic chip,,,,
Genome editing,CRISPR,Genome editing,Gene modifying,gene editing,
supercharged photosynthesis,supercharged photosynthesis,C4 photosynthesis,,,
Memory implants,Memory implant,Memory implantation,brain implant,,
Prenatal dna sequencing,Prenatal dna sequencing,Prenatal dna,full genome,prenatal genome sequencing,prenatal genome
Egg stem cells,Egg stem cell,,,,
Cancer genomics,Cancer genomic,cancer genome,cancer gene,,
Separating chromosomes,Chromosome chip,microfluidic chip,,,
Synthetic cells,Synthetic cell,artificail cell,minimal cell,,
Engineered stem cells,Engineered stem cell,Genetically modified stem cell,genetically engineered stem cell,,
Dual action antibodies,Dual action antibodies,Two-in-One antibodies,,,
Connectomics,Connectomic,connectome,,,
Cellulolytic enzymes,Cellulolytic enzyme,,,,
Neuron control,Neuron control,controlling neural cell,Neuron controlling,,
Single-cell analysis,Single cell analysis,single cell sequencing,,,
Epigenetics,Epigenetics,,,,
Interactomics,Interactomics,Interactome,,,
Nuclear reprogramming,Nuclear reprogramming,,,,
Metabolomics,Metabolomics,,,,
Bacterial Factories,Bacterial Factories,Microbial factories,Bacterial Cell Factories,,
Biomechatronics,Biomechatronics,,,,
Paper diagnostics,Paper diagnostics,Paper based diagnostics,,,
Implantable electronics,Implantable electronics,Implantable Medical Electronics,,,
T-Rays,T-Rays,T-waves,Terahertz Radiation,,
Synthetic Biology,Synthetic Biology,Synthetic Bioengineering,,,
RNA Interference,RNA Interference,,,,
Brain-Machine Interface,Brain-Machine Interface,Brain-Computer Interface,,,
quantum computers,quantum computer,quantum computing,,,
nano architecture,nano architecture,,,,
Microscale 3d printing,Microscale 3d printing,Micro 3d printing,,,
Nanopore sequencing,Nanopore sequencing,,,,
Light-field photography,Light-field photography,Light-field camera,,,
$100 genome,$100 genome,low cost sequencing,,,
Traveling wave reactor,Traveling wave reactor,,,,
Racetrack memory,Racetrack memory,Domain-wall memory,,,
Nanopiezoelectronics,Nanopiezoelectronic,,,,
Graphene,Graphene,,,,
Nano radio,Nano radio,nanotube radio,,,
Nanomedicine,Nanomedicine,,,,
Nanobiomechanics,Nanobiomechanic,bionanomechanics,,,
Silicon Photonics,Silicon Photonics,,,,
Microfluidics,Microfluidics,nanofluidics,nanoscale biomechanics,,
Quantum Wires,Quantum Wires,,,,
Magnetic-Resonance Force Microscopy,Magnetic-Resonance Force Microscopy,MRFM,,,
Nanowires,Nanowire,nanotube,,,
Fullerene,Fullerene,,,,
self-driving car,self-driving car,Autonomous car,driverless car,autopilot,
face detecting systems,face detecting systems,face recognition system,face detection,,
botnets of things,botnets of things,IoT botnet,,,
reinforcement learning,reinforcement learning,,,,
conversational interfaces,conversational interfaces,conversational UI,conversational user interfaces,,
wireless power,power from the air,RF harvesting,Wireless power transfer,wireless power,
